1.1,1.1,1.1,1.1,1.1,1,1,1,1,1,1,1,1,1,1,1,1,1,1,1,1,1,1,1,1,1,1,1,1,1,1,1,1,1,1,1,1,1,1,1,1,55
1.2,1.2,1.2,1.2,1.2,1,1,1,1,1,1,1,1,1,1,1,1,1,1,1,1,1,1,1,1,1,1,1,1,1,1,1,1,1,1,1,1,1,1,1,1,53
1.3,1.3,1.3,1.3,1.3,1,1,1,1,1,1,1,1,1,1,1,1,1,1,1,1,1,1,1,1,1,1,1,1,1,1,1,1,1,1,1,1,1,1,1,1,52
1.4,1.4,1.4,1.4,1.4,1,1,1,1,1,1,1,1,1,1,1,1,1,1,1,1,1,1,1,1,1,1,1,1,1,1,1,1,1,1,1,1,1,1,1,1,50
1.5,1.5,1.5,1.5,1.5,1,1,1,1,1,1,1,1,1,1,1,1,1,1,1,1,1,1,1,1,1,1,1,1,1,1,1,1,1,1,1,1,1,1,1,1,50
1.6,1.6,1.6,1.6,1.6,1,1,1,1,1,1,1,1,1,1,1,1,1,1,1,1,1,1,1,1,1,1,1,1,1,1,1,1,1,1,1,1,1,1,1,1,49
1.7,1.7,1.7,1.7,1.7,1,1,1,1,1,1,1,1,1,1,1,1,1,1,1,1,1,1,1,1,1,1,1,1,1,1,1,1,1,1,1,1,1,1,1,1,48
1.8,1.8,1.8,1.8,1.8,1,1,1,1,1,1,1,1,1,1,1,1,1,1,1,1,1,1,1,1,1,1,1,1,1,1,1,1,1,1,1,1,1,1,1,1,47
1.9,1.9,1.9,1.9,1.9,1,1,1,1,1,1,1,1,1,1,1,1,1,1,1,1,1,1,1,1,1,1,1,1,1,1,1,1,1,1,1,1,1,1,1,1,47
2,2,2,2,2,1,1,1,1,1,1,1,1,1,1,1,1,1,1,1,1,1,1,1,1,1,1,1,1,1,1,1,1,1,1,1,1,1,1,1,1,48
2.1,2.1,2.1,2.1,2.1,1,1,1,1,1,1,1,1,1,1,1,1,1,1,1,1,1,1,1,1,1,1,1,1,1,1,1,1,1,1,1,1,1,1,1,1,47
2.2,2.2,2.2,2.2,2.2,1,1,1,1,1,1,1,1,1,1,1,1,1,1,1,1,1,1,1,1,1,1,1,1,1,1,1,1,1,1,1,1,1,1,1,1,47
2.3,2.3,2.3,2.3,2.3,1,1,1,1,1,1,1,1,1,1,1,1,1,1,1,1,1,1,1,1,1,1,1,1,1,1,1,1,1,1,1,1,1,1,1,1,47
2.4,2.4,2.4,2.4,2.4,1,1,1,1,1,1,1,1,1,1,1,1,1,1,1,1,1,1,1,1,1,1,1,1,1,1,1,1,1,1,1,1,1,1,1,1,47
2.5,2.5,2.5,2.5,2.5,1,1,1,1,1,1,1,1,1,1,1,1,1,1,1,1,1,1,1,1,1,1,1,1,1,1,1,1,1,1,1,1,1,1,1,1,47
2.6,2.6,2.6,2.6,2.6,1,1,1,1,1,1,1,1,1,1,1,1,1,1,1,1,1,1,1,1,1,1,1,1,1,1,1,1,1,1,1,1,1,1,1,1,47
2.7,2.7,2.7,2.7,2.7,1,1,1,1,1,1,1,1,1,1,1,1,1,1,1,1,1,1,1,1,1,1,1,1,1,1,1,1,1,1,1,1,1,1,1,1,47
2.8,2.8,2.8,2.8,2.8,1,1,1,1,1,1,1,1,1,1,1,1,1,1,1,1,1,1,1,1,1,1,1,1,1,1,1,1,1,1,1,1,1,1,1,1,47
2.9,2.9,2.9,2.9,2.9,1,1,1,1,1,1,1,1,1,1,1,1,1,1,1,1,1,1,1,1,1,1,1,1,1,1,1,1,1,1,1,1,1,1,1,1,47
3,3,3,3,3,1,1,1,1,1,1,1,1,1,1,1,1,1,1,1,1,1,1,1,1,1,1,1,1,1,1,1,1,1,1,1,1,1,1,1,1,47
1,1,1,1,1,1.1,1.1,1.1,1,1,1,1,1,1,1,1,1,1,1,1,1,1,1,1,1,1,1,1,1,1,1,1,1,1,1,1,1,1,1,1,1,57
1,1,1,1,1,1.2,1.2,1.2,1,1,1,1,1,1,1,1,1,1,1,1,1,1,1,1,1,1,1,1,1,1,1,1,1,1,1,1,1,1,1,1,1,56
1,1,1,1,1,1.3,1.3,1.3,1,1,1,1,1,1,1,1,1,1,1,1,1,1,1,1,1,1,1,1,1,1,1,1,1,1,1,1,1,1,1,1,1,55
1,1,1,1,1,1.4,1.4,1.4,1,1,1,1,1,1,1,1,1,1,1,1,1,1,1,1,1,1,1,1,1,1,1,1,1,1,1,1,1,1,1,1,1,55
1,1,1,1,1,1.5,1.5,1.5,1,1,1,1,1,1,1,1,1,1,1,1,1,1,1,1,1,1,1,1,1,1,1,1,1,1,1,1,1,1,1,1,1,54
1,1,1,1,1,1.6,1.6,1.6,1,1,1,1,1,1,1,1,1,1,1,1,1,1,1,1,1,1,1,1,1,1,1,1,1,1,1,1,1,1,1,1,1,53
1,1,1,1,1,1.7,1.7,1.7,1,1,1,1,1,1,1,1,1,1,1,1,1,1,1,1,1,1,1,1,1,1,1,1,1,1,1,1,1,1,1,1,1,53
1,1,1,1,1,1.8,1.8,1.8,1,1,1,1,1,1,1,1,1,1,1,1,1,1,1,1,1,1,1,1,1,1,1,1,1,1,1,1,1,1,1,1,1,53
1,1,1,1,1,1.9,1.9,1.9,1,1,1,1,1,1,1,1,1,1,1,1,1,1,1,1,1,1,1,1,1,1,1,1,1,1,1,1,1,1,1,1,1,52
1,1,1,1,1,2,2,2,1,1,1,1,1,1,1,1,1,1,1,1,1,1,1,1,1,1,1,1,1,1,1,1,1,1,1,1,1,1,1,1,1,52
1,1,1,1,1,2.1,2.1,2.1,1,1,1,1,1,1,1,1,1,1,1,1,1,1,1,1,1,1,1,1,1,1,1,1,1,1,1,1,1,1,1,1,1,51
1,1,1,1,1,2.2,2.2,2.2,1,1,1,1,1,1,1,1,1,1,1,1,1,1,1,1,1,1,1,1,1,1,1,1,1,1,1,1,1,1,1,1,1,52
1,1,1,1,1,2.3,2.3,2.3,1,1,1,1,1,1,1,1,1,1,1,1,1,1,1,1,1,1,1,1,1,1,1,1,1,1,1,1,1,1,1,1,1,51
1,1,1,1,1,2.4,2.4,2.4,1,1,1,1,1,1,1,1,1,1,1,1,1,1,1,1,1,1,1,1,1,1,1,1,1,1,1,1,1,1,1,1,1,52
1,1,1,1,1,2.5,2.5,2.5,1,1,1,1,1,1,1,1,1,1,1,1,1,1,1,1,1,1,1,1,1,1,1,1,1,1,1,1,1,1,1,1,1,51
1,1,1,1,1,2.6,2.6,2.6,1,1,1,1,1,1,1,1,1,1,1,1,1,1,1,1,1,1,1,1,1,1,1,1,1,1,1,1,1,1,1,1,1,51
1,1,1,1,1,2.7,2.7,2.7,1,1,1,1,1,1,1,1,1,1,1,1,1,1,1,1,1,1,1,1,1,1,1,1,1,1,1,1,1,1,1,1,1,51
1,1,1,1,1,2.8,2.8,2.8,1,1,1,1,1,1,1,1,1,1,1,1,1,1,1,1,1,1,1,1,1,1,1,1,1,1,1,1,1,1,1,1,1,51
1,1,1,1,1,2.9,2.9,2.9,1,1,1,1,1,1,1,1,1,1,1,1,1,1,1,1,1,1,1,1,1,1,1,1,1,1,1,1,1,1,1,1,1,51
1,1,1,1,1,3,3,3,1,1,1,1,1,1,1,1,1,1,1,1,1,1,1,1,1,1,1,1,1,1,1,1,1,1,1,1,1,1,1,1,1,51
1,1,1,1,1,1,1,1,1.1,1.1,1,1.1,1.1,1.1,1.1,1.1,1.1,1,1,1,1,1,1,1,1,1,1,1,1,1,1,1,1,1,1,1,1,1,1,1,1,53
1,1,1,1,1,1,1,1,1.2,1.2,1,1.2,1.2,1.2,1.2,1.2,1.2,1,1,1,1,1,1,1,1,1,1,1,1,1,1,1,1,1,1,1,1,1,1,1,1,50
1,1,1,1,1,1,1,1,1.3,1.3,1,1.3,1.3,1.3,1.3,1.3,1.3,1,1,1,1,1,1,1,1,1,1,1,1,1,1,1,1,1,1,1,1,1,1,1,1,49
1,1,1,1,1,1,1,1,1.4,1.4,1,1.4,1.4,1.4,1.4,1.4,1.4,1,1,1,1,1,1,1,1,1,1,1,1,1,1,1,1,1,1,1,1,1,1,1,1,47
1,1,1,1,1,1,1,1,1.5,1.5,1,1.5,1.5,1.5,1.5,1.5,1.5,1,1,1,1,1,1,1,1,1,1,1,1,1,1,1,1,1,1,1,1,1,1,1,1,46
1,1,1,1,1,1,1,1,1.6,1.6,1,1.6,1.6,1.6,1.6,1.6,1.6,1,1,1,1,1,1,1,1,1,1,1,1,1,1,1,1,1,1,1,1,1,1,1,1,45
1,1,1,1,1,1,1,1,1.7,1.7,1,1.7,1.7,1.7,1.7,1.7,1.7,1,1,1,1,1,1,1,1,1,1,1,1,1,1,1,1,1,1,1,1,1,1,1,1,44
1,1,1,1,1,1,1,1,1.8,1.8,1,1.8,1.8,1.8,1.8,1.8,1.8,1,1,1,1,1,1,1,1,1,1,1,1,1,1,1,1,1,1,1,1,1,1,1,1,44
1,1,1,1,1,1,1,1,1.9,1.9,1,1.9,1.9,1.9,1.9,1.9,1.9,1,1,1,1,1,1,1,1,1,1,1,1,1,1,1,1,1,1,1,1,1,1,1,1,43
1,1,1,1,1,1,1,1,2,2,1,2,2,2,2,2,2,1,1,1,1,1,1,1,1,1,1,1,1,1,1,1,1,1,1,1,1,1,1,1,1,43
1,1,1,1,1,1,1,1,2.1,2.1,1,2.1,2.1,2.1,2.1,2.1,2.1,1,1,1,1,1,1,1,1,1,1,1,1,1,1,1,1,1,1,1,1,1,1,1,1,43
1,1,1,1,1,1,1,1,2.2,2.2,1,2.2,2.2,2.2,2.2,2.2,2.2,1,1,1,1,1,1,1,1,1,1,1,1,1,1,1,1,1,1,1,1,1,1,1,1,42.83333333
1,1,1,1,1,1,1,1,2.3,2.3,1,2.3,2.3,2.3,2.3,2.3,2.3,1,1,1,1,1,1,1,1,1,1,1,1,1,1,1,1,1,1,1,1,1,1,1,1,42.54166667
1,1,1,1,1,1,1,1,2.4,2.4,1,2.4,2.4,2.4,2.4,2.4,2.4,1,1,1,1,1,1,1,1,1,1,1,1,1,1,1,1,1,1,1,1,1,1,1,1,42.91666667
1,1,1,1,1,1,1,1,2.5,2.5,1,2.5,2.5,2.5,2.5,2.5,2.5,1,1,1,1,1,1,1,1,1,1,1,1,1,1,1,1,1,1,1,1,1,1,1,1,42
1,1,1,1,1,1,1,1,2.6,2.6,1,2.6,2.6,2.6,2.6,2.6,2.6,1,1,1,1,1,1,1,1,1,1,1,1,1,1,1,1,1,1,1,1,1,1,1,1,42
1,1,1,1,1,1,1,1,2.7,2.7,1,2.7,2.7,2.7,2.7,2.7,2.7,1,1,1,1,1,1,1,1,1,1,1,1,1,1,1,1,1,1,1,1,1,1,1,1,42
1,1,1,1,1,1,1,1,2.8,2.8,1,2.8,2.8,2.8,2.8,2.8,2.8,1,1,1,1,1,1,1,1,1,1,1,1,1,1,1,1,1,1,1,1,1,1,1,1,42
1,1,1,1,1,1,1,1,2.9,2.9,1,2.9,2.9,2.9,2.9,2.9,2.9,1,1,1,1,1,1,1,1,1,1,1,1,1,1,1,1,1,1,1,1,1,1,1,1,42
1,1,1,1,1,1,1,1,3,3,1,3,3,3,3,3,3,1,1,1,1,1,1,1,1,1,1,1,1,1,1,1,1,1,1,1,1,1,1,1,1,41
1,1,1,1,1,1,1,1,1,1,1.1,1,1,1,1,1,1,1,1,1,1,1,1,1,1,1,1,1,1,1,1,1,1,1,1,1,1,1,1,1,1,54
1,1,1,1,1,1,1,1,1,1,1.2,1,1,1,1,1,1,1,1,1,1,1,1,1,1,1,1,1,1,1,1,1,1,1,1,1,1,1,1,1,1,54
1,1,1,1,1,1,1,1,1,1,1.3,1,1,1,1,1,1,1,1,1,1,1,1,1,1,1,1,1,1,1,1,1,1,1,1,1,1,1,1,1,1,52
1,1,1,1,1,1,1,1,1,1,1.4,1,1,1,1,1,1,1,1,1,1,1,1,1,1,1,1,1,1,1,1,1,1,1,1,1,1,1,1,1,1,51
1,1,1,1,1,1,1,1,1,1,1.5,1,1,1,1,1,1,1,1,1,1,1,1,1,1,1,1,1,1,1,1,1,1,1,1,1,1,1,1,1,1,50
1,1,1,1,1,1,1,1,1,1,1.6,1,1,1,1,1,1,1,1,1,1,1,1,1,1,1,1,1,1,1,1,1,1,1,1,1,1,1,1,1,1,50
1,1,1,1,1,1,1,1,1,1,1.7,1,1,1,1,1,1,1,1,1,1,1,1,1,1,1,1,1,1,1,1,1,1,1,1,1,1,1,1,1,1,49
1,1,1,1,1,1,1,1,1,1,1.8,1,1,1,1,1,1,1,1,1,1,1,1,1,1,1,1,1,1,1,1,1,1,1,1,1,1,1,1,1,1,48
1,1,1,1,1,1,1,1,1,1,1.9,1,1,1,1,1,1,1,1,1,1,1,1,1,1,1,1,1,1,1,1,1,1,1,1,1,1,1,1,1,1,48
1,1,1,1,1,1,1,1,1,1,2,1,1,1,1,1,1,1,1,1,1,1,1,1,1,1,1,1,1,1,1,1,1,1,1,1,1,1,1,1,1,48
1,1,1,1,1,1,1,1,1,1,2.1,1,1,1,1,1,1,1,1,1,1,1,1,1,1,1,1,1,1,1,1,1,1,1,1,1,1,1,1,1,1,48
1,1,1,1,1,1,1,1,1,1,2.2,1,1,1,1,1,1,1,1,1,1,1,1,1,1,1,1,1,1,1,1,1,1,1,1,1,1,1,1,1,1,48
1,1,1,1,1,1,1,1,1,1,2.3,1,1,1,1,1,1,1,1,1,1,1,1,1,1,1,1,1,1,1,1,1,1,1,1,1,1,1,1,1,1,47
1,1,1,1,1,1,1,1,1,1,2.4,1,1,1,1,1,1,1,1,1,1,1,1,1,1,1,1,1,1,1,1,1,1,1,1,1,1,1,1,1,1,47
1,1,1,1,1,1,1,1,1,1,2.5,1,1,1,1,1,1,1,1,1,1,1,1,1,1,1,1,1,1,1,1,1,1,1,1,1,1,1,1,1,1,47
1,1,1,1,1,1,1,1,1,1,2.6,1,1,1,1,1,1,1,1,1,1,1,1,1,1,1,1,1,1,1,1,1,1,1,1,1,1,1,1,1,1,47
1,1,1,1,1,1,1,1,1,1,2.7,1,1,1,1,1,1,1,1,1,1,1,1,1,1,1,1,1,1,1,1,1,1,1,1,1,1,1,1,1,1,48
1,1,1,1,1,1,1,1,1,1,2.8,1,1,1,1,1,1,1,1,1,1,1,1,1,1,1,1,1,1,1,1,1,1,1,1,1,1,1,1,1,1,47
1,1,1,1,1,1,1,1,1,1,2.9,1,1,1,1,1,1,1,1,1,1,1,1,1,1,1,1,1,1,1,1,1,1,1,1,1,1,1,1,1,1,48
1,1,1,1,1,1,1,1,1,1,3,1,1,1,1,1,1,1,1,1,1,1,1,1,1,1,1,1,1,1,1,1,1,1,1,1,1,1,1,1,1,47
1,1,1,1,1,1,1,1,1,1,1,1,1,1,1,1,1,1.1,1,1,1,1,1,1,1,1,1,1,1,1,1,1,1,1,1,1,1,1,1,1,1,57.31111111
1,1,1,1,1,1,1,1,1,1,1,1,1,1,1,1,1,1.2,1,1,1,1,1,1,1,1,1,1,1,1,1,1,1,1,1,1,1,1,1,1,1,57
1,1,1,1,1,1,1,1,1,1,1,1,1,1,1,1,1,1.3,1,1,1,1,1,1,1,1,1,1,1,1,1,1,1,1,1,1,1,1,1,1,1,57
1,1,1,1,1,1,1,1,1,1,1,1,1,1,1,1,1,1.4,1,1,1,1,1,1,1,1,1,1,1,1,1,1,1,1,1,1,1,1,1,1,1,57
1,1,1,1,1,1,1,1,1,1,1,1,1,1,1,1,1,1.5,1,1,1,1,1,1,1,1,1,1,1,1,1,1,1,1,1,1,1,1,1,1,1,57
1,1,1,1,1,1,1,1,1,1,1,1,1,1,1,1,1,1.6,1,1,1,1,1,1,1,1,1,1,1,1,1,1,1,1,1,1,1,1,1,1,1,57
1,1,1,1,1,1,1,1,1,1,1,1,1,1,1,1,1,1.7,1,1,1,1,1,1,1,1,1,1,1,1,1,1,1,1,1,1,1,1,1,1,1,57
1,1,1,1,1,1,1,1,1,1,1,1,1,1,1,1,1,1.8,1,1,1,1,1,1,1,1,1,1,1,1,1,1,1,1,1,1,1,1,1,1,1,57
1,1,1,1,1,1,1,1,1,1,1,1,1,1,1,1,1,1.9,1,1,1,1,1,1,1,1,1,1,1,1,1,1,1,1,1,1,1,1,1,1,1,57
1,1,1,1,1,1,1,1,1,1,1,1,1,1,1,1,1,2,1,1,1,1,1,1,1,1,1,1,1,1,1,1,1,1,1,1,1,1,1,1,1,56.13194444
1,1,1,1,1,1,1,1,1,1,1,1,1,1,1,1,1,2.1,1,1,1,1,1,1,1,1,1,1,1,1,1,1,1,1,1,1,1,1,1,1,1,57
1,1,1,1,1,1,1,1,1,1,1,1,1,1,1,1,1,2.2,1,1,1,1,1,1,1,1,1,1,1,1,1,1,1,1,1,1,1,1,1,1,1,57
1,1,1,1,1,1,1,1,1,1,1,1,1,1,1,1,1,2.3,1,1,1,1,1,1,1,1,1,1,1,1,1,1,1,1,1,1,1,1,1,1,1,56
1,1,1,1,1,1,1,1,1,1,1,1,1,1,1,1,1,2.4,1,1,1,1,1,1,1,1,1,1,1,1,1,1,1,1,1,1,1,1,1,1,1,57
1,1,1,1,1,1,1,1,1,1,1,1,1,1,1,1,1,2.5,1,1,1,1,1,1,1,1,1,1,1,1,1,1,1,1,1,1,1,1,1,1,1,56
1,1,1,1,1,1,1,1,1,1,1,1,1,1,1,1,1,2.6,1,1,1,1,1,1,1,1,1,1,1,1,1,1,1,1,1,1,1,1,1,1,1,56
1,1,1,1,1,1,1,1,1,1,1,1,1,1,1,1,1,2.7,1,1,1,1,1,1,1,1,1,1,1,1,1,1,1,1,1,1,1,1,1,1,1,56
1,1,1,1,1,1,1,1,1,1,1,1,1,1,1,1,1,2.8,1,1,1,1,1,1,1,1,1,1,1,1,1,1,1,1,1,1,1,1,1,1,1,56
1,1,1,1,1,1,1,1,1,1,1,1,1,1,1,1,1,2.9,1,1,1,1,1,1,1,1,1,1,1,1,1,1,1,1,1,1,1,1,1,1,1,57
1,1,1,1,1,1,1,1,1,1,1,1,1,1,1,1,1,3,1,1,1,1,1,1,1,1,1,1,1,1,1,1,1,1,1,1,1,1,1,1,1,57
1,1,1,1,1,1,1,1,1,1,1,1,1,1,1,1,1,1,1.1,1.1,1.1,1.1,1.1,1.1,1,1,1,1,1,1,1,1,1,1,1,1,1,1,1,1,1,57
1,1,1,1,1,1,1,1,1,1,1,1,1,1,1,1,1,1,1.2,1.2,1.2,1.2,1.2,1.2,1,1,1,1,1,1,1,1,1,1,1,1,1,1,1,1,1,57
1,1,1,1,1,1,1,1,1,1,1,1,1,1,1,1,1,1,1.3,1.3,1.3,1.3,1.3,1.3,1,1,1,1,1,1,1,1,1,1,1,1,1,1,1,1,1,57
1,1,1,1,1,1,1,1,1,1,1,1,1,1,1,1,1,1,1.4,1.4,1.4,1.4,1.4,1.4,1,1,1,1,1,1,1,1,1,1,1,1,1,1,1,1,1,57
1,1,1,1,1,1,1,1,1,1,1,1,1,1,1,1,1,1,1.5,1.5,1.5,1.5,1.5,1.5,1,1,1,1,1,1,1,1,1,1,1,1,1,1,1,1,1,58
1,1,1,1,1,1,1,1,1,1,1,1,1,1,1,1,1,1,1.6,1.6,1.6,1.6,1.6,1.6,1,1,1,1,1,1,1,1,1,1,1,1,1,1,1,1,1,57
1,1,1,1,1,1,1,1,1,1,1,1,1,1,1,1,1,1,1.7,1.7,1.7,1.7,1.7,1.7,1,1,1,1,1,1,1,1,1,1,1,1,1,1,1,1,1,58
1,1,1,1,1,1,1,1,1,1,1,1,1,1,1,1,1,1,1.8,1.8,1.8,1.8,1.8,1.8,1,1,1,1,1,1,1,1,1,1,1,1,1,1,1,1,1,57
1,1,1,1,1,1,1,1,1,1,1,1,1,1,1,1,1,1,1.9,1.9,1.9,1.9,1.9,1.9,1,1,1,1,1,1,1,1,1,1,1,1,1,1,1,1,1,57.9875
1,1,1,1,1,1,1,1,1,1,1,1,1,1,1,1,1,1,2,2,2,2,2,2,1,1,1,1,1,1,1,1,1,1,1,1,1,1,1,1,1,57
1,1,1,1,1,1,1,1,1,1,1,1,1,1,1,1,1,1,2.1,2.1,2.1,2.1,2.1,2.1,1,1,1,1,1,1,1,1,1,1,1,1,1,1,1,1,1,57
1,1,1,1,1,1,1,1,1,1,1,1,1,1,1,1,1,1,2.2,2.2,2.2,2.2,2.2,2.2,1,1,1,1,1,1,1,1,1,1,1,1,1,1,1,1,1,58
1,1,1,1,1,1,1,1,1,1,1,1,1,1,1,1,1,1,2.3,2.3,2.3,2.3,2.3,2.3,1,1,1,1,1,1,1,1,1,1,1,1,1,1,1,1,1,58
1,1,1,1,1,1,1,1,1,1,1,1,1,1,1,1,1,1,2.4,2.4,2.4,2.4,2.4,2.4,1,1,1,1,1,1,1,1,1,1,1,1,1,1,1,1,1,57
1,1,1,1,1,1,1,1,1,1,1,1,1,1,1,1,1,1,2.5,2.5,2.5,2.5,2.5,2.5,1,1,1,1,1,1,1,1,1,1,1,1,1,1,1,1,1,57
1,1,1,1,1,1,1,1,1,1,1,1,1,1,1,1,1,1,2.6,2.6,2.6,2.6,2.6,2.6,1,1,1,1,1,1,1,1,1,1,1,1,1,1,1,1,1,57
1,1,1,1,1,1,1,1,1,1,1,1,1,1,1,1,1,1,2.7,2.7,2.7,2.7,2.7,2.7,1,1,1,1,1,1,1,1,1,1,1,1,1,1,1,1,1,57
1,1,1,1,1,1,1,1,1,1,1,1,1,1,1,1,1,1,2.8,2.8,2.8,2.8,2.8,2.8,1,1,1,1,1,1,1,1,1,1,1,1,1,1,1,1,1,57
1,1,1,1,1,1,1,1,1,1,1,1,1,1,1,1,1,1,2.9,2.9,2.9,2.9,2.9,2.9,1,1,1,1,1,1,1,1,1,1,1,1,1,1,1,1,1,57
1,1,1,1,1,1,1,1,1,1,1,1,1,1,1,1,1,1,3,3,3,3,3,3,1,1,1,1,1,1,1,1,1,1,1,1,1,1,1,1,1,58
1,1,1,1,1,1,1,1,1,1,1,1,1,1,1,1,1,1,1,1,1,1,1,1,1.1,1.1,1.1,1.1,1.1,1.1,1.1,1.1,1.1,1.1,1.1,1,1,1,1,1,1,57
1,1,1,1,1,1,1,1,1,1,1,1,1,1,1,1,1,1,1,1,1,1,1,1,1.2,1.2,1.2,1.2,1.2,1.2,1.2,1.2,1.2,1.2,1.2,1,1,1,1,1,1,56
1,1,1,1,1,1,1,1,1,1,1,1,1,1,1,1,1,1,1,1,1,1,1,1,1.3,1.3,1.3,1.3,1.3,1.3,1.3,1.3,1.3,1.3,1.3,1,1,1,1,1,1,56
1,1,1,1,1,1,1,1,1,1,1,1,1,1,1,1,1,1,1,1,1,1,1,1,1.4,1.4,1.4,1.4,1.4,1.4,1.4,1.4,1.4,1.4,1.4,1,1,1,1,1,1,56
1,1,1,1,1,1,1,1,1,1,1,1,1,1,1,1,1,1,1,1,1,1,1,1,1.5,1.5,1.5,1.5,1.5,1.5,1.5,1.5,1.5,1.5,1.5,1,1,1,1,1,1,56
1,1,1,1,1,1,1,1,1,1,1,1,1,1,1,1,1,1,1,1,1,1,1,1,1.6,1.6,1.6,1.6,1.6,1.6,1.6,1.6,1.6,1.6,1.6,1,1,1,1,1,1,55
1,1,1,1,1,1,1,1,1,1,1,1,1,1,1,1,1,1,1,1,1,1,1,1,1.7,1.7,1.7,1.7,1.7,1.7,1.7,1.7,1.7,1.7,1.7,1,1,1,1,1,1,55.31666667
1,1,1,1,1,1,1,1,1,1,1,1,1,1,1,1,1,1,1,1,1,1,1,1,1.8,1.8,1.8,1.8,1.8,1.8,1.8,1.8,1.8,1.8,1.8,1,1,1,1,1,1,56
1,1,1,1,1,1,1,1,1,1,1,1,1,1,1,1,1,1,1,1,1,1,1,1,1.9,1.9,1.9,1.9,1.9,1.9,1.9,1.9,1.9,1.9,1.9,1,1,1,1,1,1,56
1,1,1,1,1,1,1,1,1,1,1,1,1,1,1,1,1,1,1,1,1,1,1,1,2,2,2,2,2,2,2,2,2,2,2,1,1,1,1,1,1,55
1,1,1,1,1,1,1,1,1,1,1,1,1,1,1,1,1,1,1,1,1,1,1,1,2.1,2.1,2.1,2.1,2.1,2.1,2.1,2.1,2.1,2.1,2.1,1,1,1,1,1,1,54
1,1,1,1,1,1,1,1,1,1,1,1,1,1,1,1,1,1,1,1,1,1,1,1,2.2,2.2,2.2,2.2,2.2,2.2,2.2,2.2,2.2,2.2,2.2,1,1,1,1,1,1,55
1,1,1,1,1,1,1,1,1,1,1,1,1,1,1,1,1,1,1,1,1,1,1,1,2.3,2.3,2.3,2.3,2.3,2.3,2.3,2.3,2.3,2.3,2.3,1,1,1,1,1,1,55
1,1,1,1,1,1,1,1,1,1,1,1,1,1,1,1,1,1,1,1,1,1,1,1,2.4,2.4,2.4,2.4,2.4,2.4,2.4,2.4,2.4,2.4,2.4,1,1,1,1,1,1,55
1,1,1,1,1,1,1,1,1,1,1,1,1,1,1,1,1,1,1,1,1,1,1,1,2.5,2.5,2.5,2.5,2.5,2.5,2.5,2.5,2.5,2.5,2.5,1,1,1,1,1,1,55
1,1,1,1,1,1,1,1,1,1,1,1,1,1,1,1,1,1,1,1,1,1,1,1,2.6,2.6,2.6,2.6,2.6,2.6,2.6,2.6,2.6,2.6,2.6,1,1,1,1,1,1,55
1,1,1,1,1,1,1,1,1,1,1,1,1,1,1,1,1,1,1,1,1,1,1,1,2.7,2.7,2.7,2.7,2.7,2.7,2.7,2.7,2.7,2.7,2.7,1,1,1,1,1,1,55
1,1,1,1,1,1,1,1,1,1,1,1,1,1,1,1,1,1,1,1,1,1,1,1,2.8,2.8,2.8,2.8,2.8,2.8,2.8,2.8,2.8,2.8,2.8,1,1,1,1,1,1,55
1,1,1,1,1,1,1,1,1,1,1,1,1,1,1,1,1,1,1,1,1,1,1,1,2.9,2.9,2.9,2.9,2.9,2.9,2.9,2.9,2.9,2.9,2.9,1,1,1,1,1,1,55
1,1,1,1,1,1,1,1,1,1,1,1,1,1,1,1,1,1,1,1,1,1,1,1,3,3,3,3,3,3,3,3,3,3,3,1,1,1,1,1,1,55
1,1,1,1,1,1,1,1,1,1,1,1,1,1,1,1,1,1,1,1,1,1,1,1,1,1,1,1,1,1,1,1,1,1,1,1.1,1.1,1,1,1,1,57
1,1,1,1,1,1,1,1,1,1,1,1,1,1,1,1,1,1,1,1,1,1,1,1,1,1,1,1,1,1,1,1,1,1,1,1.2,1.2,1,1,1,1,57
1,1,1,1,1,1,1,1,1,1,1,1,1,1,1,1,1,1,1,1,1,1,1,1,1,1,1,1,1,1,1,1,1,1,1,1.3,1.3,1,1,1,1,57
1,1,1,1,1,1,1,1,1,1,1,1,1,1,1,1,1,1,1,1,1,1,1,1,1,1,1,1,1,1,1,1,1,1,1,1.4,1.4,1,1,1,1,58
1,1,1,1,1,1,1,1,1,1,1,1,1,1,1,1,1,1,1,1,1,1,1,1,1,1,1,1,1,1,1,1,1,1,1,1.5,1.5,1,1,1,1,57
1,1,1,1,1,1,1,1,1,1,1,1,1,1,1,1,1,1,1,1,1,1,1,1,1,1,1,1,1,1,1,1,1,1,1,1.6,1.6,1,1,1,1,57
1,1,1,1,1,1,1,1,1,1,1,1,1,1,1,1,1,1,1,1,1,1,1,1,1,1,1,1,1,1,1,1,1,1,1,1.7,1.7,1,1,1,1,57
1,1,1,1,1,1,1,1,1,1,1,1,1,1,1,1,1,1,1,1,1,1,1,1,1,1,1,1,1,1,1,1,1,1,1,1.8,1.8,1,1,1,1,57
1,1,1,1,1,1,1,1,1,1,1,1,1,1,1,1,1,1,1,1,1,1,1,1,1,1,1,1,1,1,1,1,1,1,1,1.9,1.9,1,1,1,1,57
1,1,1,1,1,1,1,1,1,1,1,1,1,1,1,1,1,1,1,1,1,1,1,1,1,1,1,1,1,1,1,1,1,1,1,2,2,1,1,1,1,57
1,1,1,1,1,1,1,1,1,1,1,1,1,1,1,1,1,1,1,1,1,1,1,1,1,1,1,1,1,1,1,1,1,1,1,2.1,2.1,1,1,1,1,57
1,1,1,1,1,1,1,1,1,1,1,1,1,1,1,1,1,1,1,1,1,1,1,1,1,1,1,1,1,1,1,1,1,1,1,2.2,2.2,1,1,1,1,57
1,1,1,1,1,1,1,1,1,1,1,1,1,1,1,1,1,1,1,1,1,1,1,1,1,1,1,1,1,1,1,1,1,1,1,2.3,2.3,1,1,1,1,57
1,1,1,1,1,1,1,1,1,1,1,1,1,1,1,1,1,1,1,1,1,1,1,1,1,1,1,1,1,1,1,1,1,1,1,2.4,2.4,1,1,1,1,57
1,1,1,1,1,1,1,1,1,1,1,1,1,1,1,1,1,1,1,1,1,1,1,1,1,1,1,1,1,1,1,1,1,1,1,2.5,2.5,1,1,1,1,57
1,1,1,1,1,1,1,1,1,1,1,1,1,1,1,1,1,1,1,1,1,1,1,1,1,1,1,1,1,1,1,1,1,1,1,2.6,2.6,1,1,1,1,57
1,1,1,1,1,1,1,1,1,1,1,1,1,1,1,1,1,1,1,1,1,1,1,1,1,1,1,1,1,1,1,1,1,1,1,2.7,2.7,1,1,1,1,57
1,1,1,1,1,1,1,1,1,1,1,1,1,1,1,1,1,1,1,1,1,1,1,1,1,1,1,1,1,1,1,1,1,1,1,2.8,2.8,1,1,1,1,57
1,1,1,1,1,1,1,1,1,1,1,1,1,1,1,1,1,1,1,1,1,1,1,1,1,1,1,1,1,1,1,1,1,1,1,2.9,2.9,1,1,1,1,57
1,1,1,1,1,1,1,1,1,1,1,1,1,1,1,1,1,1,1,1,1,1,1,1,1,1,1,1,1,1,1,1,1,1,1,3,3,1,1,1,1,57
1,1,1,1,1,1,1,1,1,1,1,1,1,1,1,1,1,1,1,1,1,1,1,1,1,1,1,1,1,1,1,1,1,1,1,1,1,1.1,1.1,1.1,1.1,58
1,1,1,1,1,1,1,1,1,1,1,1,1,1,1,1,1,1,1,1,1,1,1,1,1,1,1,1,1,1,1,1,1,1,1,1,1,1.2,1.2,1.2,1.2,58
1,1,1,1,1,1,1,1,1,1,1,1,1,1,1,1,1,1,1,1,1,1,1,1,1,1,1,1,1,1,1,1,1,1,1,1,1,1.3,1.3,1.3,1.3,56
1,1,1,1,1,1,1,1,1,1,1,1,1,1,1,1,1,1,1,1,1,1,1,1,1,1,1,1,1,1,1,1,1,1,1,1,1,1.4,1.4,1.4,1.4,57
1,1,1,1,1,1,1,1,1,1,1,1,1,1,1,1,1,1,1,1,1,1,1,1,1,1,1,1,1,1,1,1,1,1,1,1,1,1.5,1.5,1.5,1.5,57.27083333
1,1,1,1,1,1,1,1,1,1,1,1,1,1,1,1,1,1,1,1,1,1,1,1,1,1,1,1,1,1,1,1,1,1,1,1,1,1.6,1.6,1.6,1.6,58
1,1,1,1,1,1,1,1,1,1,1,1,1,1,1,1,1,1,1,1,1,1,1,1,1,1,1,1,1,1,1,1,1,1,1,1,1,1.7,1.7,1.7,1.7,58
1,1,1,1,1,1,1,1,1,1,1,1,1,1,1,1,1,1,1,1,1,1,1,1,1,1,1,1,1,1,1,1,1,1,1,1,1,1.8,1.8,1.8,1.8,57
1,1,1,1,1,1,1,1,1,1,1,1,1,1,1,1,1,1,1,1,1,1,1,1,1,1,1,1,1,1,1,1,1,1,1,1,1,1.9,1.9,1.9,1.9,57
1,1,1,1,1,1,1,1,1,1,1,1,1,1,1,1,1,1,1,1,1,1,1,1,1,1,1,1,1,1,1,1,1,1,1,1,1,2,2,2,2,57
1,1,1,1,1,1,1,1,1,1,1,1,1,1,1,1,1,1,1,1,1,1,1,1,1,1,1,1,1,1,1,1,1,1,1,1,1,2.1,2.1,2.1,2.1,57
1,1,1,1,1,1,1,1,1,1,1,1,1,1,1,1,1,1,1,1,1,1,1,1,1,1,1,1,1,1,1,1,1,1,1,1,1,2.2,2.2,2.2,2.2,58
1,1,1,1,1,1,1,1,1,1,1,1,1,1,1,1,1,1,1,1,1,1,1,1,1,1,1,1,1,1,1,1,1,1,1,1,1,2.3,2.3,2.3,2.3,58
1,1,1,1,1,1,1,1,1,1,1,1,1,1,1,1,1,1,1,1,1,1,1,1,1,1,1,1,1,1,1,1,1,1,1,1,1,2.4,2.4,2.4,2.4,57
1,1,1,1,1,1,1,1,1,1,1,1,1,1,1,1,1,1,1,1,1,1,1,1,1,1,1,1,1,1,1,1,1,1,1,1,1,2.5,2.5,2.5,2.5,57
1,1,1,1,1,1,1,1,1,1,1,1,1,1,1,1,1,1,1,1,1,1,1,1,1,1,1,1,1,1,1,1,1,1,1,1,1,2.6,2.6,2.6,2.6,57
1,1,1,1,1,1,1,1,1,1,1,1,1,1,1,1,1,1,1,1,1,1,1,1,1,1,1,1,1,1,1,1,1,1,1,1,1,2.7,2.7,2.7,2.7,57
1,1,1,1,1,1,1,1,1,1,1,1,1,1,1,1,1,1,1,1,1,1,1,1,1,1,1,1,1,1,1,1,1,1,1,1,1,2.8,2.8,2.8,2.8,58
1,1,1,1,1,1,1,1,1,1,1,1,1,1,1,1,1,1,1,1,1,1,1,1,1,1,1,1,1,1,1,1,1,1,1,1,1,2.9,2.9,2.9,2.9,57
1,1,1,1,1,1,1,1,1,1,1,1,1,1,1,1,1,1,1,1,1,1,1,1,1,1,1,1,1,1,1,1,1,1,1,1,1,3,3,3,3,57